text,label
This is to inform you that the budget has been approved.,inform
I wanted to follow up on my previous email.,follow-up
Any updates on the issue I raised on Monday?,follow-up
We’re launching the new dashboard next Monday.,inform
I'm reaching out to ask for your input on the proposal.,request
I wanted to follow up on my previous email.,follow-up
Would you be able to finalize the presentation today?,request
I'm reaching out to ask for your input on the proposal.,request
We’ve finalized the agenda for the upcoming retreat.,inform
The quarterly review summary is now available.,inform
Would you be able to finalize the presentation today?,request
Just an update: all items have been ordered.,inform
Just an update: all items have been ordered.,inform
The quarterly review summary is now available.,inform
Would you be able to finalize the presentation today?,request
Any updates on the issue I raised on Monday?,follow-up
Can you help me schedule a meeting for next week?,request
The performance metrics are now published on the portal.,inform
This is to inform you that the budget has been approved.,inform
I wanted to follow up on my previous email.,follow-up
Our team completed the migration process yesterday.,inform
Just an update: all items have been ordered.,inform
We’ve finalized the agenda for the upcoming retreat.,inform
Please provide the budget estimates as soon as possible.,request
Can you help me schedule a meeting for next week?,request
Our team completed the migration process yesterday.,inform
Could you share the client list from last quarter?,request
Can you review the attached contract and provide comments?,request
Please note that the system will be under maintenance tonight.,inform
We’ve finalized the agenda for the upcoming retreat.,inform
This is to inform you that the budget has been approved.,inform
Any updates on the issue I raised on Monday?,follow-up
I wanted to let you know that the client signed the contract.,inform
Our team completed the migration process yesterday.,inform
Have you had a chance to look at the draft I sent?,follow-up
Can you help me schedule a meeting for next week?,request
Can you review the attached contract and provide comments?,request
Just an update: all items have been ordered.,inform
Just a quick follow-up on the training session.,follow-up
Let me know if you can take on this task.,request
We’re launching the new dashboard next Monday.,inform
Wanted to remind you about the deadline approaching.,follow-up
Let me know if you can take on this task.,request
Let me know if you can take on this task.,request
Wanted to remind you about the deadline approaching.,follow-up
Any updates on the issue I raised on Monday?,follow-up
I'm requesting your feedback on the document attached.,request
Please note that the system will be under maintenance tonight.,inform
Can you review the attached contract and provide comments?,request
Just checking in on the task we discussed last week.,follow-up
Could you share the client list from last quarter?,request
Just checking in on the task we discussed last week.,follow-up
Would you be able to finalize the presentation today?,request
Any updates on the issue I raised on Monday?,follow-up
Just an update: all items have been ordered.,inform
Hoping to get a status update on the pending item.,follow-up
Would you be able to finalize the presentation today?,request
Any updates on the issue I raised on Monday?,follow-up
Following up to see if you're available for a quick call.,follow-up
This is to inform you that the budget has been approved.,inform
Can you review the attached contract and provide comments?,request
We’ve finalized the agenda for the upcoming retreat.,inform
We’ve finalized the agenda for the upcoming retreat.,inform
We’re launching the new dashboard next Monday.,inform
Please provide the budget estimates as soon as possible.,request
Would you be able to finalize the presentation today?,request
Let me know if you can take on this task.,request
The meeting has been rescheduled to 3 PM.,inform
Just a quick follow-up on the training session.,follow-up
Please provide the budget estimates as soon as possible.,request
I'm reaching out to ask for your input on the proposal.,request
Hoping to get a status update on the pending item.,follow-up
I'm reaching out to ask for your input on the proposal.,request
Let me know if you can take on this task.,request
Just an update: all items have been ordered.,inform
The performance metrics are now published on the portal.,inform
The performance metrics are now published on the portal.,inform
Can you help me schedule a meeting for next week?,request
Would you be able to finalize the presentation today?,request
Just checking in on the task we discussed last week.,follow-up
Can you review the attached contract and provide comments?,request
Would you be able to finalize the presentation today?,request
Following up to see if you're available for a quick call.,follow-up
Please note that the system will be under maintenance tonight.,inform
Did you get a chance to review the budget proposal?,follow-up
Any updates on the issue I raised on Monday?,follow-up
Let me know if you can take on this task.,request
We’ve finalized the agenda for the upcoming retreat.,inform
Circling back on the report — any updates?,follow-up
Just a quick follow-up on the training session.,follow-up
We’ve finalized the agenda for the upcoming retreat.,inform
Please provide the budget estimates as soon as possible.,request
Hoping to get a status update on the pending item.,follow-up
We’ve finalized the agenda for the upcoming retreat.,inform
Can you help me schedule a meeting for next week?,request
Let me know if you can take on this task.,request
The meeting has been rescheduled to 3 PM.,inform
Any updates on the issue I raised on Monday?,follow-up
The performance metrics are now published on the portal.,inform
Can you help me schedule a meeting for next week?,request
Just a quick follow-up on the training session.,follow-up
Just an update: all items have been ordered.,inform
Just an update: all items have been ordered.,inform
Circling back on the report — any updates?,follow-up
Please provide the budget estimates as soon as possible.,request
Circling back on the report — any updates?,follow-up
This is to inform you that the budget has been approved.,inform
We’re launching the new dashboard next Monday.,inform
The quarterly review summary is now available.,inform
I wanted to let you know that the client signed the contract.,inform
Any updates on the issue I raised on Monday?,follow-up
We’ve finalized the agenda for the upcoming retreat.,inform
We’re launching the new dashboard next Monday.,inform
Could you share the client list from last quarter?,request
The meeting has been rescheduled to 3 PM.,inform
This is to inform you that the budget has been approved.,inform
Please note that the system will be under maintenance tonight.,inform
The performance metrics are now published on the portal.,inform
Would you be able to finalize the presentation today?,request
Please confirm if you're available for the call.,request
Could you share the client list from last quarter?,request
I'm requesting your feedback on the document attached.,request
The quarterly review summary is now available.,inform
We’re launching the new dashboard next Monday.,inform
Can you help me schedule a meeting for next week?,request
The meeting has been rescheduled to 3 PM.,inform
Hoping to get a status update on the pending item.,follow-up
Hoping to get a status update on the pending item.,follow-up
Just checking in on the task we discussed last week.,follow-up
Please note that the system will be under maintenance tonight.,inform
Wanted to remind you about the deadline approaching.,follow-up
Let me know if you can take on this task.,request
Our team completed the migration process yesterday.,inform
Could you please send me the latest report by tomorrow?,request
Following up to see if you're available for a quick call.,follow-up
Just an update: all items have been ordered.,inform
Could you share the client list from last quarter?,request
I wanted to follow up on my previous email.,follow-up
Just a quick follow-up on the training session.,follow-up
Let me know if you can take on this task.,request
Following up to see if you're available for a quick call.,follow-up
I wanted to let you know that the client signed the contract.,inform
I wanted to follow up on my previous email.,follow-up
Did you get a chance to review the budget proposal?,follow-up
Our team completed the migration process yesterday.,inform
Could you please send me the latest report by tomorrow?,request
Please note that the system will be under maintenance tonight.,inform
Just an update: all items have been ordered.,inform
Just checking in on the task we discussed last week.,follow-up
Just a quick follow-up on the training session.,follow-up
Could you please send me the latest report by tomorrow?,request
Can you review the attached contract and provide comments?,request
Did you get a chance to review the budget proposal?,follow-up
The meeting has been rescheduled to 3 PM.,inform
Please provide the budget estimates as soon as possible.,request
Just checking in on the task we discussed last week.,follow-up
Can you help me schedule a meeting for next week?,request
I wanted to let you know that the client signed the contract.,inform
The quarterly review summary is now available.,inform
I'm requesting your feedback on the document attached.,request
Hoping to get a status update on the pending item.,follow-up
I'm requesting your feedback on the document attached.,request
I wanted to follow up on my previous email.,follow-up
Can you review the attached contract and provide comments?,request
I'm reaching out to ask for your input on the proposal.,request
The quarterly review summary is now available.,inform
I'm reaching out to ask for your input on the proposal.,request
Please note that the system will be under maintenance tonight.,inform
We’re launching the new dashboard next Monday.,inform
Any updates on the issue I raised on Monday?,follow-up
Following up to see if you're available for a quick call.,follow-up
I wanted to let you know that the client signed the contract.,inform
Let me know if you can take on this task.,request
Any updates on the issue I raised on Monday?,follow-up
Circling back on the report — any updates?,follow-up
Just checking in on the task we discussed last week.,follow-up
Just checking in on the task we discussed last week.,follow-up
Please note that the system will be under maintenance tonight.,inform
I wanted to follow up on my previous email.,follow-up
This is to inform you that the budget has been approved.,inform
Can you review the attached contract and provide comments?,request
The quarterly review summary is now available.,inform
Did you get a chance to review the budget proposal?,follow-up
We’ve finalized the agenda for the upcoming retreat.,inform
The quarterly review summary is now available.,inform
I wanted to follow up on my previous email.,follow-up
Let me know if you can take on this task.,request
Have you had a chance to look at the draft I sent?,follow-up
Following up to see if you're available for a quick call.,follow-up
Would you be able to finalize the presentation today?,request
I'm reaching out to ask for your input on the proposal.,request
Have you had a chance to look at the draft I sent?,follow-up
I'm requesting your feedback on the document attached.,request
Could you please send me the latest report by tomorrow?,request
Just checking in on the task we discussed last week.,follow-up
The quarterly review summary is now available.,inform
Following up to see if you're available for a quick call.,follow-up
The performance metrics are now published on the portal.,inform
Did you get a chance to review the budget proposal?,follow-up
I'm reaching out to ask for your input on the proposal.,request
The quarterly review summary is now available.,inform
Just a quick follow-up on the training session.,follow-up
Please note that the system will be under maintenance tonight.,inform
Any updates on the issue I raised on Monday?,follow-up
The performance metrics are now published on the portal.,inform
The performance metrics are now published on the portal.,inform
Please confirm if you're available for the call.,request
Please confirm if you're available for the call.,request
Our team completed the migration process yesterday.,inform
The performance metrics are now published on the portal.,inform
Wanted to remind you about the deadline approaching.,follow-up
Did you get a chance to review the budget proposal?,follow-up
Please confirm if you're available for the call.,request
Circling back on the report — any updates?,follow-up
I'm reaching out to ask for your input on the proposal.,request
Let me know if you can take on this task.,request
I wanted to follow up on my previous email.,follow-up
Circling back on the report — any updates?,follow-up
I'm requesting your feedback on the document attached.,request
Any updates on the issue I raised on Monday?,follow-up
We’ve finalized the agenda for the upcoming retreat.,inform
Could you please send me the latest report by tomorrow?,request
I'm reaching out to ask for your input on the proposal.,request
Did you get a chance to review the budget proposal?,follow-up
Have you had a chance to look at the draft I sent?,follow-up
I'm requesting your feedback on the document attached.,request
Could you share the client list from last quarter?,request
Just a quick follow-up on the training session.,follow-up
Following up to see if you're available for a quick call.,follow-up
Would you be able to finalize the presentation today?,request
Please note that the system will be under maintenance tonight.,inform
Any updates on the issue I raised on Monday?,follow-up
Please provide the budget estimates as soon as possible.,request
Following up to see if you're available for a quick call.,follow-up
Just an update: all items have been ordered.,inform
Any updates on the issue I raised on Monday?,follow-up
We’re launching the new dashboard next Monday.,inform
I wanted to let you know that the client signed the contract.,inform
Our team completed the migration process yesterday.,inform
We’ve finalized the agenda for the upcoming retreat.,inform
Following up to see if you're available for a quick call.,follow-up
Please provide the budget estimates as soon as possible.,request
Did you get a chance to review the budget proposal?,follow-up
We’re launching the new dashboard next Monday.,inform
Just a quick follow-up on the training session.,follow-up
Can you help me schedule a meeting for next week?,request
Let me know if you can take on this task.,request
The performance metrics are now published on the portal.,inform
I wanted to let you know that the client signed the contract.,inform
Please note that the system will be under maintenance tonight.,inform
I wanted to follow up on my previous email.,follow-up
We’ve finalized the agenda for the upcoming retreat.,inform
The quarterly review summary is now available.,inform
Please confirm if you're available for the call.,request
Circling back on the report — any updates?,follow-up
Our team completed the migration process yesterday.,inform
Can you help me schedule a meeting for next week?,request
Can you help me schedule a meeting for next week?,request
The quarterly review summary is now available.,inform
Following up to see if you're available for a quick call.,follow-up
Our team completed the migration process yesterday.,inform
Please note that the system will be under maintenance tonight.,inform
Just checking in on the task we discussed last week.,follow-up
Could you please send me the latest report by tomorrow?,request
Would you be able to finalize the presentation today?,request
I wanted to let you know that the client signed the contract.,inform
Just checking in on the task we discussed last week.,follow-up
Can you review the attached contract and provide comments?,request
We’re launching the new dashboard next Monday.,inform
Could you share the client list from last quarter?,request
I'm requesting your feedback on the document attached.,request
Let me know if you can take on this task.,request
I wanted to let you know that the client signed the contract.,inform
Circling back on the report — any updates?,follow-up
I wanted to let you know that the client signed the contract.,inform
Please confirm if you're available for the call.,request
Please provide the budget estimates as soon as possible.,request
Following up to see if you're available for a quick call.,follow-up
Our team completed the migration process yesterday.,inform
I wanted to follow up on my previous email.,follow-up
Wanted to remind you about the deadline approaching.,follow-up
Following up to see if you're available for a quick call.,follow-up
The meeting has been rescheduled to 3 PM.,inform
Just an update: all items have been ordered.,inform
This is to inform you that the budget has been approved.,inform
Did you get a chance to review the budget proposal?,follow-up
Just a quick follow-up on the training session.,follow-up
Please note that the system will be under maintenance tonight.,inform
Circling back on the report — any updates?,follow-up
Can you review the attached contract and provide comments?,request
Wanted to remind you about the deadline approaching.,follow-up
Just a quick follow-up on the training session.,follow-up
The meeting has been rescheduled to 3 PM.,inform
I'm requesting your feedback on the document attached.,request
Can you help me schedule a meeting for next week?,request
Wanted to remind you about the deadline approaching.,follow-up
Our team completed the migration process yesterday.,inform
Our team completed the migration process yesterday.,inform
Just a quick follow-up on the training session.,follow-up
Just checking in on the task we discussed last week.,follow-up
The meeting has been rescheduled to 3 PM.,inform
I wanted to let you know that the client signed the contract.,inform
Our team completed the migration process yesterday.,inform
Let me know if you can take on this task.,request
Please confirm if you're available for the call.,request
Any updates on the issue I raised on Monday?,follow-up
Just checking in on the task we discussed last week.,follow-up
Just checking in on the task we discussed last week.,follow-up
Wanted to remind you about the deadline approaching.,follow-up
The meeting has been rescheduled to 3 PM.,inform
The performance metrics are now published on the portal.,inform
Our team completed the migration process yesterday.,inform
Have you had a chance to look at the draft I sent?,follow-up
The meeting has been rescheduled to 3 PM.,inform
Hoping to get a status update on the pending item.,follow-up
This is to inform you that the budget has been approved.,inform
Following up to see if you're available for a quick call.,follow-up
The quarterly review summary is now available.,inform
I wanted to let you know that the client signed the contract.,inform
Please provide the budget estimates as soon as possible.,request
Following up to see if you're available for a quick call.,follow-up
Any updates on the issue I raised on Monday?,follow-up
I'm reaching out to ask for your input on the proposal.,request
We’ve finalized the agenda for the upcoming retreat.,inform
I wanted to let you know that the client signed the contract.,inform
The quarterly review summary is now available.,inform
I'm reaching out to ask for your input on the proposal.,request
I'm requesting your feedback on the document attached.,request
Please note that the system will be under maintenance tonight.,inform
Did you get a chance to review the budget proposal?,follow-up
Let me know if you can take on this task.,request
Would you be able to finalize the presentation today?,request
We’ve finalized the agenda for the upcoming retreat.,inform
The meeting has been rescheduled to 3 PM.,inform
Have you had a chance to look at the draft I sent?,follow-up
Hoping to get a status update on the pending item.,follow-up
The quarterly review summary is now available.,inform
Circling back on the report — any updates?,follow-up
Did you get a chance to review the budget proposal?,follow-up
I wanted to let you know that the client signed the contract.,inform
Can you help me schedule a meeting for next week?,request
Just an update: all items have been ordered.,inform
Just checking in on the task we discussed last week.,follow-up
I'm requesting your feedback on the document attached.,request
Can you help me schedule a meeting for next week?,request
Just a quick follow-up on the training session.,follow-up
Could you please send me the latest report by tomorrow?,request
Any updates on the issue I raised on Monday?,follow-up
Hoping to get a status update on the pending item.,follow-up
Let me know if you can take on this task.,request
Have you had a chance to look at the draft I sent?,follow-up
Please provide the budget estimates as soon as possible.,request
Any updates on the issue I raised on Monday?,follow-up
Just checking in on the task we discussed last week.,follow-up
Our team completed the migration process yesterday.,inform
I wanted to follow up on my previous email.,follow-up
Please provide the budget estimates as soon as possible.,request
Please note that the system will be under maintenance tonight.,inform
I wanted to follow up on my previous email.,follow-up
Following up to see if you're available for a quick call.,follow-up
Please provide the budget estimates as soon as possible.,request
Following up to see if you're available for a quick call.,follow-up
The quarterly review summary is now available.,inform
The quarterly review summary is now available.,inform
Circling back on the report — any updates?,follow-up
Could you share the client list from last quarter?,request
Did you get a chance to review the budget proposal?,follow-up
Circling back on the report — any updates?,follow-up
Could you share the client list from last quarter?,request
The meeting has been rescheduled to 3 PM.,inform
Just checking in on the task we discussed last week.,follow-up
Can you help me schedule a meeting for next week?,request
Wanted to remind you about the deadline approaching.,follow-up
I'm requesting your feedback on the document attached.,request
Please provide the budget estimates as soon as possible.,request
Have you had a chance to look at the draft I sent?,follow-up
Can you review the attached contract and provide comments?,request
We’ve finalized the agenda for the upcoming retreat.,inform
This is to inform you that the budget has been approved.,inform
Our team completed the migration process yesterday.,inform
I'm reaching out to ask for your input on the proposal.,request
The performance metrics are now published on the portal.,inform
I'm reaching out to ask for your input on the proposal.,request
Could you please send me the latest report by tomorrow?,request
Wanted to remind you about the deadline approaching.,follow-up
This is to inform you that the budget has been approved.,inform
Just checking in on the task we discussed last week.,follow-up
Can you review the attached contract and provide comments?,request
Can you help me schedule a meeting for next week?,request
The quarterly review summary is now available.,inform
I'm requesting your feedback on the document attached.,request
I wanted to let you know that the client signed the contract.,inform
I'm requesting your feedback on the document attached.,request
Did you get a chance to review the budget proposal?,follow-up
Can you help me schedule a meeting for next week?,request
Just an update: all items have been ordered.,inform
Would you be able to finalize the presentation today?,request
Just a quick follow-up on the training session.,follow-up
Can you help me schedule a meeting for next week?,request
Would you be able to finalize the presentation today?,request
We’re launching the new dashboard next Monday.,inform
The quarterly review summary is now available.,inform
Please confirm if you're available for the call.,request
Could you please send me the latest report by tomorrow?,request
I'm requesting your feedback on the document attached.,request
Would you be able to finalize the presentation today?,request
Did you get a chance to review the budget proposal?,follow-up
I'm reaching out to ask for your input on the proposal.,request
I wanted to let you know that the client signed the contract.,inform
Hoping to get a status update on the pending item.,follow-up
Hoping to get a status update on the pending item.,follow-up
Following up to see if you're available for a quick call.,follow-up
We’re launching the new dashboard next Monday.,inform
The meeting has been rescheduled to 3 PM.,inform
Just an update: all items have been ordered.,inform
Could you please send me the latest report by tomorrow?,request
The meeting has been rescheduled to 3 PM.,inform
Please confirm if you're available for the call.,request
Just a quick follow-up on the training session.,follow-up
We’ve finalized the agenda for the upcoming retreat.,inform
We’re launching the new dashboard next Monday.,inform
Can you help me schedule a meeting for next week?,request
Just a quick follow-up on the training session.,follow-up
Hoping to get a status update on the pending item.,follow-up
I wanted to follow up on my previous email.,follow-up
The performance metrics are now published on the portal.,inform
Would you be able to finalize the presentation today?,request
I'm requesting your feedback on the document attached.,request
The performance metrics are now published on the portal.,inform
I'm requesting your feedback on the document attached.,request
Would you be able to finalize the presentation today?,request
Circling back on the report — any updates?,follow-up
The meeting has been rescheduled to 3 PM.,inform
Following up to see if you're available for a quick call.,follow-up
I wanted to follow up on my previous email.,follow-up
The quarterly review summary is now available.,inform
The quarterly review summary is now available.,inform
Let me know if you can take on this task.,request
Just checking in on the task we discussed last week.,follow-up
Circling back on the report — any updates?,follow-up
Circling back on the report — any updates?,follow-up
Just an update: all items have been ordered.,inform
Can you help me schedule a meeting for next week?,request
Can you help me schedule a meeting for next week?,request
This is to inform you that the budget has been approved.,inform
Please confirm if you're available for the call.,request
Would you be able to finalize the presentation today?,request
We’ve finalized the agenda for the upcoming retreat.,inform
Following up to see if you're available for a quick call.,follow-up
Please note that the system will be under maintenance tonight.,inform
I'm requesting your feedback on the document attached.,request
I'm requesting your feedback on the document attached.,request
The meeting has been rescheduled to 3 PM.,inform
I wanted to let you know that the client signed the contract.,inform
I wanted to let you know that the client signed the contract.,inform
Just checking in on the task we discussed last week.,follow-up
We’re launching the new dashboard next Monday.,inform
Following up to see if you're available for a quick call.,follow-up
I wanted to let you know that the client signed the contract.,inform
We’ve finalized the agenda for the upcoming retreat.,inform
Let me know if you can take on this task.,request
I wanted to let you know that the client signed the contract.,inform
Hoping to get a status update on the pending item.,follow-up
Circling back on the report — any updates?,follow-up
The meeting has been rescheduled to 3 PM.,inform
Please confirm if you're available for the call.,request
Our team completed the migration process yesterday.,inform
I wanted to follow up on my previous email.,follow-up
Can you help me schedule a meeting for next week?,request
I'm reaching out to ask for your input on the proposal.,request
Our team completed the migration process yesterday.,inform
Just checking in on the task we discussed last week.,follow-up
Our team completed the migration process yesterday.,inform
The quarterly review summary is now available.,inform
Could you please send me the latest report by tomorrow?,request
The meeting has been rescheduled to 3 PM.,inform
I wanted to follow up on my previous email.,follow-up
Hoping to get a status update on the pending item.,follow-up
The performance metrics are now published on the portal.,inform
Wanted to remind you about the deadline approaching.,follow-up
Could you share the client list from last quarter?,request
I'm reaching out to ask for your input on the proposal.,request
Circling back on the report — any updates?,follow-up
Could you share the client list from last quarter?,request
Let me know if you can take on this task.,request
Could you share the client list from last quarter?,request
Please provide the budget estimates as soon as possible.,request
I'm requesting your feedback on the document attached.,request
Could you share the client list from last quarter?,request
Can you help me schedule a meeting for next week?,request
Wanted to remind you about the deadline approaching.,follow-up
I'm reaching out to ask for your input on the proposal.,request
Could you please send me the latest report by tomorrow?,request
Our team completed the migration process yesterday.,inform
Let me know if you can take on this task.,request
Circling back on the report — any updates?,follow-up
Our team completed the migration process yesterday.,inform
Following up to see if you're available for a quick call.,follow-up
Just checking in on the task we discussed last week.,follow-up
Could you please send me the latest report by tomorrow?,request
The performance metrics are now published on the portal.,inform
I'm reaching out to ask for your input on the proposal.,request
Just checking in on the task we discussed last week.,follow-up
Can you help me schedule a meeting for next week?,request
I wanted to follow up on my previous email.,follow-up
Just checking in on the task we discussed last week.,follow-up
I'm requesting your feedback on the document attached.,request
Please confirm if you're available for the call.,request
Did you get a chance to review the budget proposal?,follow-up
Hoping to get a status update on the pending item.,follow-up
The quarterly review summary is now available.,inform
Just an update: all items have been ordered.,inform
I wanted to follow up on my previous email.,follow-up
We’re launching the new dashboard next Monday.,inform
Circling back on the report — any updates?,follow-up
The performance metrics are now published on the portal.,inform
The quarterly review summary is now available.,inform
Please confirm if you're available for the call.,request
Just checking in on the task we discussed last week.,follow-up
Would you be able to finalize the presentation today?,request
Would you be able to finalize the presentation today?,request
Let me know if you can take on this task.,request
Let me know if you can take on this task.,request
Circling back on the report — any updates?,follow-up
We’re launching the new dashboard next Monday.,inform
Just checking in on the task we discussed last week.,follow-up
Circling back on the report — any updates?,follow-up
Any updates on the issue I raised on Monday?,follow-up
Just checking in on the task we discussed last week.,follow-up
Our team completed the migration process yesterday.,inform
We’re launching the new dashboard next Monday.,inform
Did you get a chance to review the budget proposal?,follow-up
I'm reaching out to ask for your input on the proposal.,request
Our team completed the migration process yesterday.,inform
Hoping to get a status update on the pending item.,follow-up
Would you be able to finalize the presentation today?,request
The meeting has been rescheduled to 3 PM.,inform
I'm requesting your feedback on the document attached.,request
The performance metrics are now published on the portal.,inform
This is to inform you that the budget has been approved.,inform
Can you help me schedule a meeting for next week?,request
The quarterly review summary is now available.,inform
I'm requesting your feedback on the document attached.,request
I'm requesting your feedback on the document attached.,request
Just a quick follow-up on the training session.,follow-up
Let me know if you can take on this task.,request
The performance metrics are now published on the portal.,inform
Can you help me schedule a meeting for next week?,request
Please confirm if you're available for the call.,request
I wanted to follow up on my previous email.,follow-up
Have you had a chance to look at the draft I sent?,follow-up
The quarterly review summary is now available.,inform
Just a quick follow-up on the training session.,follow-up
I'm requesting your feedback on the document attached.,request
This is to inform you that the budget has been approved.,inform
The quarterly review summary is now available.,inform
We’ve finalized the agenda for the upcoming retreat.,inform
The meeting has been rescheduled to 3 PM.,inform
Please note that the system will be under maintenance tonight.,inform
Circling back on the report — any updates?,follow-up
Can you review the attached contract and provide comments?,request
Can you help me schedule a meeting for next week?,request
Would you be able to finalize the presentation today?,request
I wanted to follow up on my previous email.,follow-up
Just checking in on the task we discussed last week.,follow-up
Can you review the attached contract and provide comments?,request
Just checking in on the task we discussed last week.,follow-up
Just checking in on the task we discussed last week.,follow-up
Just a quick follow-up on the training session.,follow-up
Please confirm if you're available for the call.,request
Let me know if you can take on this task.,request
Any updates on the issue I raised on Monday?,follow-up
Can you help me schedule a meeting for next week?,request
Just an update: all items have been ordered.,inform
Did you get a chance to review the budget proposal?,follow-up
Circling back on the report — any updates?,follow-up
Can you help me schedule a meeting for next week?,request
Did you get a chance to review the budget proposal?,follow-up
Circling back on the report — any updates?,follow-up
Did you get a chance to review the budget proposal?,follow-up
Circling back on the report — any updates?,follow-up
Just checking in on the task we discussed last week.,follow-up
The performance metrics are now published on the portal.,inform
The quarterly review summary is now available.,inform
This is to inform you that the budget has been approved.,inform
Can you help me schedule a meeting for next week?,request
Please note that the system will be under maintenance tonight.,inform
Circling back on the report — any updates?,follow-up
Can you help me schedule a meeting for next week?,request
Could you please send me the latest report by tomorrow?,request
Can you review the attached contract and provide comments?,request
The quarterly review summary is now available.,inform
Please confirm if you're available for the call.,request
Can you help me schedule a meeting for next week?,request
Can you review the attached contract and provide comments?,request
Just checking in on the task we discussed last week.,follow-up
Hoping to get a status update on the pending item.,follow-up
Please confirm if you're available for the call.,request
Did you get a chance to review the budget proposal?,follow-up
Hoping to get a status update on the pending item.,follow-up
